0,2018-01-02,1,1.2065000000000001,0.88953,76.6005,1.5128,1.6955,135.35
1,2018-01-03,1,1.2023,0.8864000000000001,76.3455,1.5047000000000001,1.6942,134.97
2,2018-01-04,1,1.2065000000000001,0.8910300000000001,76.498,1.5114,1.6957,135.92
3,2018-01-05,1,1.2045,0.8888300000000001,76.329,1.5068000000000001,1.6837,136.45
4,2018-01-08,1,1.1973,0.8841300000000001,76.0375,1.488,1.6702,135.34
5,2018-01-09,1,1.1932,0.8827,76.0215,1.4826000000000001,1.6601,134.31
6,2018-01-10,1,1.1992,0.8867,76.263,1.4931,1.6654,133.62
7,2018-01-11,1,1.2017,0.89075,76.5335,1.5093,1.6653,134.19
8,2018-01-12,1,1.2137,0.8898300000000001,77.1915,1.5194,1.6726,134.88
9,2018-01-15,1,1.2277,0.89043,77.9805,1.5263,1.6828,135.81
10,2018-01-16,1,1.223,0.8886000000000001,78.33,1.5194,1.6808,135.4
11,2018-01-17,1,1.2203,0.88568,78.011,1.5185,1.6800000000000002,135.21
12,2018-01-18,1,1.2235,0.8820800000000001,78.121,1.5229,1.6759,136.07
13,2018-01-19,1,1.2255,0.88365,78.239,1.5246,1.6831,135.54
14,2018-01-22,1,1.2239,0.88085,78.2225,1.5270000000000001,1.6758000000000002,135.66
15,2018-01-23,1,1.2249,0.8783000000000001,78.118,1.5289000000000001,1.6722000000000001,135.35
16,2018-01-24,1,1.2352,0.8718300000000001,78.673,1.5229,1.6677,135.13
17,2018-01-25,1,1.2407,0.87038,78.865,1.5289000000000001,1.6823000000000001,135.12
18,2018-01-26,1,1.2436,0.8733500000000001,79.1055,1.5325,1.6943000000000001,135.95
19,2018-01-29,1,1.2379,0.8794000000000001,78.7055,1.5269,1.6881,134.75
20,2018-01-30,1,1.2421,0.8793000000000001,79.057,1.5304,1.6937,134.98
21,2018-01-31,1,1.2457,0.8791,79.18,1.529,1.6803,135.6
22,2018-02-01,1,1.2459,0.8752000000000001,79.766,1.5348000000000002,1.6944,136.62
23,2018-02-02,1,1.2492,0.8785000000000001,80.0205,1.5387,1.6960000000000002,137.22
24,2018-02-05,1,1.244,0.88568,79.7435,1.5468000000000002,1.7025000000000001,136.67
25,2018-02-06,1,1.2329,0.88885,79.2415,1.5488,1.6955,134.97
26,2018-02-07,1,1.2338,0.88675,79.2655,1.5445,1.6897,134.84
27,2018-02-08,1,1.2252,0.8751300000000001,78.7715,1.5402,1.6966,134.31
28,2018-02-09,1,1.2273,0.8874000000000001,79.0045,1.5474999999999999,1.6952,133.59
29,2018-02-12,1,1.2263,0.886,78.894,1.5427,1.6918000000000002,133.23
30,2018-02-13,1,1.2333,0.8893500000000001,79.273,1.5544,1.6941000000000002,132.82
31,2018-02-14,1,1.2348,0.8904000000000001,79.1165,1.5528,1.6873,132.4
32,2018-02-15,1,1.2493,0.8866,79.849,1.5604,1.6909,133.11
33,2018-02-16,1,1.2464,0.8880300000000001,80.044,1.5587,1.6853,132.34
34,2018-02-19,1,1.241,0.8859,79.7375,1.5592000000000001,1.682,132.24
35,2018-02-20,1,1.234,0.88168,80.003,1.5553,1.6782,132.25
36,2018-02-21,1,1.2312,0.88463,79.7295,1.5601,1.6754,132.41
37,2018-02-22,1,1.2276,0.88343,79.8895,1.5589,1.6761,131.47
38,2018-02-23,1,1.2299,0.8794000000000001,79.6515,1.5614,1.6864,131.28
39,2018-02-26,1,1.232,0.8782000000000001,79.803,1.5617,1.6847,131.6
40,2018-02-27,1,1.2301,0.884,79.803,1.5647,1.6918000000000002,131.77
41,2018-02-28,1,1.2214,0.8841500000000001,79.623,1.5608,1.6905000000000001,130.72
42,2018-03-01,1,1.2171,0.8852000000000001,79.3245,1.5654,1.6865999999999999,129.98
43,2018-03-02,1,1.2312,0.8932,80.3205,1.5857999999999999,1.7014,129.77
44,2018-03-05,1,1.2307000000000001,0.8907,80.1275,1.5914000000000001,1.7026,130.02
45,2018-03-06,1,1.2411,0.89165,80.5845,1.5993,1.6985000000000001,131.84
46,2018-03-07,1,1.2417,0.8951300000000001,80.578,1.6056,1.7063000000000001,131.41
47,2018-03-08,1,1.2421,0.8946500000000001,80.898,1.6044,1.7102,131.83
48,2018-03-09,1,1.2291,0.8889300000000001,80.1315,1.5848,1.6931,131.31
49,2018-03-12,1,1.2302,0.8859,79.9785,1.5782,1.6854,131.04
50,2018-03-13,1,1.2378,0.8865000000000001,80.284,1.589,1.6842000000000001,132.31
51,2018-03-14,1,1.2368999999999999,0.8863000000000001,80.1975,1.5993,1.6853,131.77
52,2018-03-15,1,1.2341,0.8848,80.155,1.6025,1.6915,130.9
53,2018-03-16,1,1.2301,0.88253,79.867,1.6087,1.7002000000000002,130.21
54,2018-03-19,1,1.2309,0.8759300000000001,80.2455,1.6105,1.7066,130.65
55,2018-03-20,1,1.2276,0.8771500000000001,80.037,1.604,1.7039,130.72
56,2018-03-21,1,1.2286,0.8740300000000001,80.117,1.5947,1.7158,130.5
57,2018-03-22,1,1.2316,0.872,80.183,1.5889,1.7031,129.75
58,2018-03-23,1,1.2346,0.8728500000000001,80.255,1.5868,1.7024,129.74
59,2018-03-26,1,1.2411,0.87248,80.5105,1.5997,1.7029,130.47
60,2018-03-27,1,1.2376,0.8794000000000001,80.413,1.5949,1.7041,131.04
61,2018-03-28,1,1.2398,0.8760500000000001,80.8005,1.5974,1.7075,131.6
62,2018-03-29,1,1.2321,0.8749,80.296,1.5895000000000001,1.7098,131.15
63,2018-04-03,1,1.2308,0.8752300000000001,80.014,1.5817999999999999,1.6964000000000001,130.76
64,2018-04-04,1,1.2276,0.8757300000000001,79.954,1.5756000000000001,1.685,130.43
65,2018-04-05,1,1.226,0.8739500000000001,79.601,1.5659,1.6799,131.26
66,2018-04-06,1,1.2234,0.8729500000000001,79.481,1.565,1.6884000000000001,131.32
67,2018-04-09,1,1.2304,0.8708800000000001,79.9545,1.5726,1.6871,131.66
68,2018-04-10,1,1.2361,0.8718300000000001,80.3375,1.5645,1.6806,132.28
69,2018-04-11,1,1.2384,0.8736,80.8735,1.5625,1.6812,132.26
70,2018-04-12,1,1.2323,0.86745,80.417,1.5517,1.67,132.04
71,2018-04-13,1,1.2317,0.864,80.316,1.5482,1.6703000000000001,132.64
72,2018-04-16,1,1.237,0.86465,81.0175,1.5596,1.6853,132.77
73,2018-04-17,1,1.2357,0.8628,81.108,1.5511,1.6837,132.35
74,2018-04-18,1,1.2388,0.8710500000000001,81.346,1.5572,1.6912,132.82
75,2018-04-19,1,1.2382,0.86975,81.458,1.5606,1.6938,132.88
76,2018-04-20,1,1.2309,0.8760800000000001,81.39,1.5556999999999999,1.7032,132.41
77,2018-04-23,1,1.2238,0.8764000000000001,81.2845,1.5649000000000002,1.7052,132.38
78,2018-04-24,1,1.2213,0.8746800000000001,81.0765,1.5662,1.7134,132.92
79,2018-04-25,1,1.2185,0.8738,81.6095,1.5704,1.7232,133.03
80,2018-04-26,1,1.2168,0.871,81.224,1.5618,1.7194,132.87
81,2018-04-27,1,1.207,0.877,80.4645,1.5549,1.7116,131.95
82,2018-04-30,1,1.2079,0.8796,80.1685,1.5542,1.7145000000000001,132.12
83,2018-05-02,1,1.2007,0.8804000000000001,80.0455,1.5401,1.7103000000000002,131.84
84,2018-05-03,1,1.1992,0.8818,79.8965,1.5404,1.7041,131.03
85,2018-05-04,1,1.1969,0.8823500000000001,80.027,1.541,1.7067,130.37
86,2018-05-07,1,1.1902,0.8801,79.904,1.5338,1.7013,130.15
87,2018-05-08,1,1.187,0.8793000000000001,79.63,1.5398,1.7019000000000002,129.45
88,2018-05-09,1,1.1879,0.8744500000000001,79.901,1.5299,1.6995,130.24
89,2018-05-10,1,1.1878,0.8781,79.8905,1.5171999999999999,1.7144,130.22
90,2018-05-11,1,1.1934,0.88,80.36,1.5197,1.7109999999999999,130.44
91,2018-05-14,1,1.1988,0.8824000000000001,80.9545,1.5301,1.7246000000000001,131.27
92,2018-05-15,1,1.1883,0.879,80.872,1.5253,1.7222,130.77
93,2018-05-16,1,1.1784,0.8741800000000001,79.8925,1.5161,1.7115,129.83
94,2018-05-17,1,1.1805,0.8735,79.9645,1.5077,1.7125,130.66
95,2018-05-18,1,1.1781,0.8732500000000001,80.1115,1.5074,1.7049,130.69
96,2018-05-21,1,1.1759,0.8764000000000001,80.128,1.5139,1.703,130.84
97,2018-05-22,1,1.1794,0.8768800000000001,80.2105,1.5066000000000002,1.6991,130.7
98,2018-05-23,1,1.1708,0.87953,80.1055,1.5109,1.6977,128.61
99,2018-05-24,1,1.1728,0.87475,80.193,1.5110999999999999,1.6945999999999999,128.46
100,2018-05-25,1,1.1675,0.8754000000000001,79.1505,1.5126,1.6882000000000001,127.72
101,2018-05-28,1,1.1644,0.87465,78.528,1.5114,1.6756,127.33
102,2018-05-29,1,1.1558,0.87143,78.406,1.5058,1.6711,125.88
103,2018-05-30,1,1.1632,0.875,78.388,1.5093,1.6686,126.76
104,2018-05-31,1,1.1699,0.8768,78.802,1.5038,1.6681,127.33
105,2018-06-01,1,1.1669,0.8768,78.314,1.5142,1.6737000000000002,127.74
106,2018-06-04,1,1.1737,0.8767300000000001,78.712,1.5148000000000001,1.6654,128.44
107,2018-06-05,1,1.1675,0.8739,78.3975,1.5158,1.6636000000000002,128.08
108,2018-06-06,1,1.1765,0.8768300000000001,78.731,1.5150000000000001,1.6702,129.57
109,2018-06-07,1,1.1836,0.8812300000000001,79.438,1.5312999999999999,1.6789,130.26
110,2018-06-08,1,1.1754,0.87733,79.342,1.5274,1.6734,128.64
111,2018-06-11,1,1.179,0.8818,79.498,1.5348000000000002,1.6764000000000001,129.62
112,2018-06-12,1,1.1788,0.88175,79.5015,1.5335,1.6781000000000001,130.03
113,2018-06-13,1,1.1764000000000001,0.8821,79.534,1.5312999999999999,1.6713,130.03
114,2018-06-14,1,1.173,0.8768300000000001,79.2925,1.5222,1.6656,129.15
115,2018-06-15,1,1.1596,0.8732000000000001,78.8705,1.5223,1.6676000000000002,128.31
116,2018-06-18,1,1.1613,0.87655,79.0145,1.5307,1.6712,128.27
117,2018-06-19,1,1.1534,0.8769300000000001,78.867,1.5319,1.6747,126.78
118,2018-06-20,1,1.1578,0.8787800000000001,78.86,1.5398,1.6853,127.39
119,2018-06-21,1,1.1538,0.8737,78.4145,1.5381,1.6846,127.59
120,2018-06-22,1,1.1648,0.87663,79.03,1.5459,1.6880000000000002,128.3
121,2018-06-25,1,1.17,0.8804000000000001,79.645,1.5542,1.6947,128.21
122,2018-06-26,1,1.1672,0.8816,79.7095,1.5549,1.6998000000000002,127.95
123,2018-06-27,1,1.1616,0.8817300000000001,79.694,1.5443,1.7046000000000001,128.08
124,2018-06-28,1,1.1583,0.8852000000000001,79.683,1.5398,1.7135,127.63
125,2018-06-29,1,1.1658,0.8860500000000001,79.813,1.5442,1.7247,129.04
126,2018-07-02,1,1.1639,0.8865000000000001,80.0705,1.5342,1.7315,128.86
127,2018-07-03,1,1.1665,0.8835000000000001,79.931,1.5344,1.7281,129.09
128,2018-07-04,1,1.1642000000000001,0.8810800000000001,80.027,1.5306000000000002,1.7217,128.64
129,2018-07-05,1,1.1709,0.8831,80.73,1.5373999999999999,1.7256,129.53
130,2018-07-06,1,1.1724,0.8859500000000001,80.746,1.5397,1.7186,129.65
131,2018-07-09,1,1.1789,0.8834500000000001,80.9585,1.5415,1.7198,130.21
132,2018-07-10,1,1.1713,0.88338,80.617,1.5382,1.7187999999999999,130.3
133,2018-07-11,1,1.1735,0.88482,80.7045,1.5421,1.7266,130.53
134,2018-07-12,1,1.1658,0.88263,79.8805,1.5369000000000002,1.724,131.13
135,2018-07-13,1,1.1643,0.8848800000000001,79.732,1.5358,1.728,131.04
136,2018-07-16,1,1.172,0.8827,80.3515,1.5399,1.7262,131.65
137,2018-07-17,1,1.1707,0.8872500000000001,80.1405,1.5403,1.7191,131.81
138,2018-07-18,1,1.1611,0.8911800000000001,79.684,1.5389,1.7175,130.92
139,2018-07-19,1,1.1588,0.8929800000000001,80.0155,1.5351,1.7229,130.98
140,2018-07-20,1,1.167,0.8944500000000001,80.321,1.5443,1.7251,130.94
141,2018-07-23,1,1.1716,0.8917,80.673,1.5387,1.7204000000000002,130.18
142,2018-07-24,1,1.1706,0.8917800000000001,80.71,1.5393,1.7192,130.06
143,2018-07-25,1,1.169,0.8885500000000001,80.364,1.5341,1.7173,129.8
144,2018-07-26,1,1.1716,0.8886000000000001,80.448,1.5287000000000002,1.7186,129.91
145,2018-07-27,1,1.1625,0.8882300000000001,79.8465,1.5192999999999999,1.7179,129.25
146,2018-07-30,1,1.1684,0.8907,80.1965,1.5245000000000002,1.7165,129.79
147,2018-07-31,1,1.1736,0.8922,80.4445,1.5298,1.7213,130.84
148,2018-08-01,1,1.1696,0.8904000000000001,79.9705,1.5231,1.7187000000000001,130.81
149,2018-08-02,1,1.1617,0.8914500000000001,79.7915,1.5144000000000002,1.7204000000000002,129.43
150,2018-08-03,1,1.1588,0.8905000000000001,79.512,1.5085000000000002,1.717,129.3
151,2018-08-06,1,1.1543,0.8928,79.49,1.5032,1.7154,128.68
152,2018-08-07,1,1.1602000000000001,0.8948300000000001,79.685,1.5047000000000001,1.7191,128.88
153,2018-08-08,1,1.1589,0.90085,79.5295,1.5158,1.7202000000000002,128.72
154,2018-08-09,1,1.1593,0.8994000000000001,79.5825,1.5110999999999999,1.7421,128.84
155,2018-08-10,1,1.1456,0.89675,78.852,1.5002,1.7365,127.07
156,2018-08-13,1,1.1403,0.8933000000000001,79.8405,1.4996,1.7335,126.11
157,2018-08-14,1,1.1406,0.893,79.7315,1.4909,1.7277,126.42
158,2018-08-15,1,1.1320999999999999,0.8913000000000001,79.1635,1.4833,1.7267000000000001,125.67
159,2018-08-16,1,1.137,0.8949800000000001,79.807,1.4942,1.7267000000000001,126.02
160,2018-08-17,1,1.1391,0.89575,79.9195,1.4976,1.7254,125.75
161,2018-08-20,1,1.142,0.89478,79.74,1.4927000000000001,1.7255,126.25
162,2018-08-21,1,1.1502,0.8974000000000001,80.3015,1.4978,1.7281,127.01
163,2018-08-22,1,1.1616,0.8992800000000001,81.19,1.5126,1.7319,128.08
164,2018-08-23,1,1.1579,0.89878,81.1815,1.5089000000000001,1.7352,128.31
165,2018-08-24,1,1.1588,0.902,81.0115,1.5143,1.7384,128.97
166,2018-08-27,1,1.1633,0.9036500000000001,81.623,1.5182,1.7415,129.16
167,2018-08-28,1,1.171,0.9068,82.0965,1.5128,1.7444000000000002,130.03
168,2018-08-29,1,1.166,0.905,82.3405,1.5093,1.7413,129.73
169,2018-08-30,1,1.1692,0.89758,82.715,1.5117,1.7534,130.32
170,2018-08-31,1,1.1651,0.8974000000000001,82.7245,1.5192,1.7559,129.05
171,2018-09-03,1,1.1609,0.90158,82.6735,1.5175,1.7565,129.03
172,2018-09-04,1,1.1562000000000001,0.90058,82.7665,1.5234,1.7649,128.6
173,2018-09-05,1,1.1582,0.9032800000000001,83.1035,1.5263,1.7637,129.17
174,2018-09-06,1,1.1634,0.89824,83.7175,1.5338,1.7633,129.55
175,2018-09-07,1,1.1615,0.89275,83.32,1.5238,1.7647,128.74
176,2018-09-10,1,1.1571,0.8934000000000001,83.8375,1.5268000000000002,1.7706,128.54
177,2018-09-11,1,1.1574,0.89068,84.0965,1.5231,1.7772999999999999,128.82
178,2018-09-12,1,1.1585,0.8902800000000001,83.6705,1.5137,1.7772000000000001,129.13
179,2018-09-13,1,1.162,0.89,83.7,1.5112,1.7743,129.68
180,2018-09-14,1,1.1689,0.8922800000000001,83.946,1.5206,1.7778,130.75
181,2018-09-17,1,1.1671,0.88875,84.6355,1.5192999999999999,1.7742,130.79
182,2018-09-18,1,1.1697,0.88963,85.361,1.5237,1.7752,131.21
183,2018-09-19,1,1.1667,0.8881300000000001,84.4515,1.5136,1.7684000000000002,130.94
184,2018-09-20,1,1.1769,0.8859,84.751,1.5173999999999999,1.7643,131.98
185,2018-09-21,1,1.1759,0.894,84.8905,1.5197,1.7606000000000002,132.44
186,2018-09-24,1,1.1773,0.89458,85.5665,1.5231,1.7651,132.56
187,2018-09-25,1,1.1777,0.8942500000000001,85.6125,1.5262,1.7696,132.78
188,2018-09-26,1,1.1737,0.8908,85.219,1.5213999999999999,1.7668,132.61
189,2018-09-27,1,1.1707,0.88973,84.983,1.5301,1.7638,132.15
190,2018-09-28,1,1.1576,0.8873000000000001,83.916,1.5064000000000002,1.7505000000000002,131.23
191,2018-10-01,1,1.1606,0.8907800000000001,84.6215,1.4867,1.7572,132.25
192,2018-10-02,1,1.1543,0.89043,84.7,1.4795,1.7523,131.46
193,2018-10-03,1,1.1548,0.88895,84.717,1.482,1.7617,131.47
194,2018-10-04,1,1.1502,0.8858,84.628,1.48,1.7706,131.31
195,2018-10-05,1,1.1506,0.88165,84.8835,1.4862,1.7784,131.03
196,2018-10-08,1,1.1478,0.8801,85.008,1.4915,1.7795,130.11
197,2018-10-09,1,1.1435,0.8768,85.084,1.4861,1.7784,129.45
198,2018-10-10,1,1.15,0.87448,85.3605,1.4907,1.7792,130.23
199,2018-10-11,1,1.1575,0.8749,85.7615,1.5102,1.7852000000000001,130.0
200,2018-10-12,1,1.1574,0.8764000000000001,85.1445,1.5054,1.7768000000000002,129.99
201,2018-10-15,1,1.1581000000000001,0.8804500000000001,85.4735,1.5085000000000002,1.7723,129.53
202,2018-10-16,1,1.1587,0.8759300000000001,85.12,1.501,1.7604000000000002,129.92
203,2018-10-17,1,1.153,0.8794500000000001,84.8915,1.4957,1.7563,129.43
204,2018-10-18,1,1.1505,0.87843,84.685,1.5009000000000001,1.7522000000000002,129.44
205,2018-10-19,1,1.147,0.8802000000000001,84.123,1.4947,1.7379,129.05
206,2018-10-22,1,1.1494,0.8842500000000001,84.546,1.5044,1.7492,129.63
207,2018-10-23,1,1.1478,0.8810300000000001,84.4435,1.5047000000000001,1.7514,128.76
208,2018-10-24,1,1.1389,0.8823300000000001,83.3255,1.49,1.7408000000000001,128.37
209,2018-10-25,1,1.1416,0.8853300000000001,83.6525,1.4893,1.7473,128.27
210,2018-10-26,1,1.1345,0.8868,83.34,1.4916,1.7535,127.13
211,2018-10-29,1,1.1381000000000001,0.8878800000000001,83.5595,1.4917,1.7401,127.92
212,2018-10-30,1,1.1372,0.89148,83.728,1.4941,1.7349,128.28
213,2018-10-31,1,1.1318,0.88873,83.7305,1.4856,1.7322000000000002,128.15
214,2018-11-01,1,1.1393,0.8817300000000001,83.68,1.4904,1.7189999999999999,128.52
215,2018-11-02,1,1.1417,0.8787,82.7085,1.4956,1.7154,128.89
216,2018-11-05,1,1.137,0.8753500000000001,83.092,1.4887000000000001,1.7085,128.81
217,2018-11-06,1,1.1428,0.8731300000000001,83.3785,1.4996,1.7105000000000001,129.31
218,2018-11-07,1,1.1487,0.8740300000000001,83.28,1.5019,1.6954,130.02
219,2018-11-08,1,1.1424,0.87163,82.7195,1.4972,1.6838000000000002,129.9
220,2018-11-09,1,1.1346,0.87053,82.264,1.4969000000000001,1.6815,129.26
221,2018-11-12,1,1.1265,0.87563,82.1106,1.4873,1.6699000000000002,128.2
222,2018-11-13,1,1.1261,0.8694500000000001,81.839,1.4888,1.6684,128.32
223,2018-11-14,1,1.1296,0.87048,81.674,1.4937,1.6651,128.64
224,2018-11-15,1,1.1305,0.8837,81.37,1.4949,1.6601,128.16
225,2018-11-16,1,1.1346,0.8835000000000001,81.5735,1.4955,1.6653,128.37
226,2018-11-19,1,1.1427,0.8908300000000001,81.8825,1.5055,1.674,128.89
227,2018-11-20,1,1.1421000000000001,0.8890800000000001,81.65,1.5070999999999999,1.6683,128.34
228,2018-11-21,1,1.1409,0.8910800000000001,81.352,1.5144000000000002,1.6686,129.04
229,2018-11-22,1,1.1403,0.8859800000000001,80.6045,1.5074,1.6743999999999999,128.8
230,2018-11-23,1,1.1352,0.8848,80.204,1.5019,1.6747,128.07
231,2018-11-26,1,1.1363,0.8844000000000001,80.5385,1.5011,1.6709,128.7
232,2018-11-27,1,1.1328,0.88748,80.162,1.5018,1.6647,128.66
233,2018-11-28,1,1.1284,0.8824500000000001,79.643,1.5036,1.6613,128.47
234,2018-11-29,1,1.1387,0.8913500000000001,79.537,1.5117,1.6573,128.99
235,2018-11-30,1,1.1359,0.89068,79.0815,1.5116,1.6556000000000002,128.99
236,2018-12-03,1,1.1332,0.8915000000000001,79.791,1.4931,1.6376,128.7
237,2018-12-04,1,1.1409,0.89058,80.472,1.5030999999999999,1.6406,128.68
238,2018-12-05,1,1.1354,0.88885,80.066,1.5076,1.6398000000000001,128.31
239,2018-12-06,1,1.1351,0.8893000000000001,80.495,1.5229,1.6517,128.04
240,2018-12-07,1,1.1371,0.89085,80.509,1.5230000000000001,1.6558000000000002,128.36
241,2018-12-10,1,1.1425,0.9024500000000001,82.7284,1.5218,1.6581000000000001,128.79
242,2018-12-11,1,1.1379,0.9022800000000001,81.8215,1.5239,1.6526,128.75
243,2018-12-12,1,1.1346,0.9013500000000001,81.69,1.517,1.6573,128.67
244,2018-12-13,1,1.1371,0.8984800000000001,81.428,1.5192999999999999,1.6564,129.06
245,2018-12-14,1,1.1285,0.8983500000000001,81.225,1.5095,1.6613,128.13
246,2018-12-17,1,1.1341,0.8989,81.213,1.5189,1.6668,128.44
247,2018-12-18,1,1.1377,0.8971500000000001,80.253,1.5249000000000001,1.6556000000000002,127.86
248,2018-12-19,1,1.1405,0.9031800000000001,80.116,1.5332,1.663,128.11
249,2018-12-20,1,1.1451,0.9033500000000001,79.949,1.5424,1.6884000000000001,127.94
250,2018-12-21,1,1.1414,0.9021500000000001,80.04,1.5459,1.6925,126.98
251,2018-12-24,1,1.1408,0.9003800000000001,80.019,1.5506,1.6974,126.47
252,2018-12-27,1,1.1377,0.90073,79.9445,1.55,1.6964000000000001,126.14
253,2018-12-28,1,1.1454,0.90273,80.2255,1.5602,1.706,126.4
254,2018-12-31,1,1.145,0.89453,79.7298,1.5605,1.7056,125.85
255,2019-01-02,1,1.1397,0.9016500000000001,79.9855,1.5547,1.7049,124.28
256,2019-01-03,1,1.1348,0.90312,79.608,1.5392000000000001,1.7085,122.21
257,2019-01-04,1,1.1403,0.8998800000000001,79.4315,1.5328,1.7045,123.2
258,2019-01-07,1,1.1445,0.8972,79.6895,1.5281,1.6925,123.9
259,2019-01-08,1,1.1440000000000001,0.8974300000000001,80.245,1.5208,1.7023000000000001,124.46
260,2019-01-09,1,1.1455,0.8991300000000001,80.6365,1.5171999999999999,1.6908,124.7
261,2019-01-10,1,1.1535,0.9042300000000001,81.2005,1.5251000000000001,1.6983000000000001,124.7
262,2019-01-11,1,1.1533,0.9001500000000001,81.3475,1.5247000000000002,1.6873,124.91
263,2019-01-14,1,1.1467,0.89263,81.2195,1.5226000000000002,1.682,123.93
264,2019-01-15,1,1.1424,0.8902500000000001,81.231,1.5154,1.6757,124.02
265,2019-01-16,1,1.1389,0.8859,81.0055,1.5101,1.6817000000000002,123.91
266,2019-01-17,1,1.1396,0.8826,80.9765,1.5152999999999999,1.6895,123.95
267,2019-01-18,1,1.1402,0.8812500000000001,81.0875,1.5134,1.6841,124.78
268,2019-01-21,1,1.1362,0.8830300000000001,80.9335,1.5117,1.6895,124.6
269,2019-01-22,1,1.1354,0.88,81.046,1.5128,1.6885,124.25
270,2019-01-23,1,1.1367,0.8721300000000001,81.0535,1.5131999999999999,1.6741000000000001,124.7
271,2019-01-24,1,1.1341,0.8708500000000001,80.656,1.516,1.6731,124.43
272,2019-01-25,1,1.1346,0.8658,80.634,1.5107,1.6720000000000002,124.72
273,2019-01-28,1,1.1418,0.8688800000000001,81.232,1.5115,1.6687,124.94
274,2019-01-29,1,1.1421999999999999,0.8673500000000001,81.306,1.5142,1.6694,125.03
275,2019-01-30,1,1.1429,0.87341,81.351,1.5110999999999999,1.6723,125.08
276,2019-01-31,1,1.1488,0.8757800000000001,81.686,1.5109,1.6607,124.81
277,2019-02-01,1,1.1471,0.8788800000000001,81.771,1.5075,1.6567,124.91
278,2019-02-04,1,1.1445,0.8767800000000001,82.1905,1.5011,1.6634,125.77
279,2019-02-05,1,1.1423,0.8780300000000001,81.8395,1.4996,1.6556000000000002,125.59
280,2019-02-06,1,1.1394,0.8787,81.5535,1.502,1.6619000000000002,125.05
281,2019-02-07,1,1.1345,0.8775000000000001,81.0855,1.505,1.6779000000000002,124.41
282,2019-02-08,1,1.1346,0.8749,80.8655,1.5098,1.6809,124.57
283,2019-02-11,1,1.1309,0.8761500000000001,80.448,1.5005000000000002,1.6768,124.63
284,2019-02-12,1,1.1296,0.8770500000000001,79.801,1.4969000000000001,1.6767,124.7
285,2019-02-13,1,1.1305,0.87553,80.066,1.4972,1.6596000000000002,125.19
286,2019-02-14,1,1.1268,0.8794500000000001,80.203,1.4949,1.6488,125.12
287,2019-02-15,1,1.126,0.87938,80.361,1.4959,1.6432,124.45
288,2019-02-18,1,1.1328,0.8762000000000001,80.8835,1.4992,1.6473,125.23
289,2019-02-19,1,1.1294,0.8718500000000001,80.6985,1.4961,1.6549,125.09
290,2019-02-20,1,1.1342,0.8694500000000001,80.7035,1.4956,1.6513,125.61
291,2019-02-21,1,1.1354,0.8680500000000001,80.7435,1.4951,1.6648,125.7
292,2019-02-22,1,1.1325,0.87263,80.553,1.4976,1.6639,125.56
293,2019-02-25,1,1.1355,0.86828,80.5315,1.4924,1.647,125.75
294,2019-02-26,1,1.1360999999999999,0.86055,80.853,1.5024000000000002,1.6520000000000001,125.93
295,2019-02-27,1,1.1386,0.8550300000000001,81.1585,1.4962,1.6581000000000001,125.9
296,2019-02-28,1,1.1416,0.8583500000000001,80.8915,1.5042,1.6684999999999999,126.44
297,2019-03-01,1,1.1383,0.8596800000000001,80.695,1.4971,1.6656,127.35
298,2019-03-04,1,1.1337,0.8577500000000001,80.363,1.5091999999999999,1.666,126.91
299,2019-03-05,1,1.1329,0.8635800000000001,79.936,1.5116,1.6682000000000001,126.8
300,2019-03-06,1,1.1305,0.8597,79.432,1.5128,1.6679,126.4
301,2019-03-07,1,1.1271,0.8588,78.884,1.5131000000000001,1.6631,125.97
302,2019-03-08,1,1.1222,0.8590500000000001,78.733,1.5099,1.653,124.72
303,2019-03-11,1,1.1244,0.8624,78.547,1.5093,1.6492,124.91
304,2019-03-12,1,1.1275,0.86145,78.5175,1.5110999999999999,1.6436000000000002,125.27
305,2019-03-13,1,1.1303,0.8588,78.662,1.5087000000000002,1.6538,125.89
306,2019-03-14,1,1.1295,0.85228,78.473,1.5074,1.6585,126.09
307,2019-03-15,1,1.1308,0.8541500000000001,78.074,1.5118,1.6532,126.16
308,2019-03-18,1,1.1349,0.8566,77.781,1.5134,1.6537000000000002,126.54
309,2019-03-19,1,1.1358,0.85548,78.351,1.506,1.6535000000000002,126.59
310,2019-03-20,1,1.1354,0.8628,78.136,1.5125000000000002,1.6567,126.63
311,2019-03-21,1,1.1387,0.8665,78.0715,1.5189,1.6520000000000001,125.92
312,2019-03-22,1,1.1302,0.8589,77.958,1.5155,1.6433,124.6
313,2019-03-25,1,1.1325,0.85638,78.046,1.5204,1.6413,124.65
314,2019-03-26,1,1.1291,0.8533000000000001,77.7555,1.5131999999999999,1.6345,124.72
315,2019-03-27,1,1.1261,0.85118,77.86,1.5101,1.6568,124.42
316,2019-03-28,1,1.1218,0.85555,77.7765,1.5066000000000002,1.6509,124.16
317,2019-03-29,1,1.1235,0.8583000000000001,77.719,1.5,1.65,124.45
318,2019-04-01,1,1.1236,0.8565800000000001,77.8885,1.5006,1.6458,124.68
319,2019-04-02,1,1.12,0.86,77.0035,1.4919,1.6543999999999999,124.73
320,2019-04-03,1,1.1243,0.8539,76.9305,1.4964,1.6551,125.3
321,2019-04-04,1,1.1219000000000001,0.85418,77.593,1.4987,1.6599,125.01
322,2019-04-05,1,1.1233,0.85938,77.787,1.5030000000000001,1.6662,125.44
323,2019-04-08,1,1.1246,0.8618300000000001,78.3215,1.5042,1.6694,125.36
324,2019-04-09,1,1.1277,0.8633500000000001,78.188,1.4984,1.6718000000000002,125.51
325,2019-04-10,1,1.1279,0.8608300000000001,77.9945,1.5032,1.6697000000000002,125.38
326,2019-04-11,1,1.1264,0.8616800000000001,77.6855,1.5067,1.6705,125.3
327,2019-04-12,1,1.1320999999999999,0.8629,78.2915,1.5082,1.6748,126.76
328,2019-04-15,1,1.1313,0.8630500000000001,78.5405,1.506,1.6729,126.66
329,2019-04-16,1,1.1305,0.8639,78.6445,1.5110000000000001,1.6713,126.59
330,2019-04-17,1,1.1301,0.8659300000000001,78.457,1.5070000000000001,1.6784,126.51
331,2019-04-18,1,1.125,0.8647,78.068,1.5065,1.6819000000000002,125.86
332,2019-04-23,1,1.1245,0.8645,78.3125,1.5057,1.6889,125.82
333,2019-04-24,1,1.1209,0.86545,78.295,1.5078,1.6922000000000001,125.34
334,2019-04-25,1,1.1123,0.8643500000000001,78.179,1.5023,1.6884000000000001,124.45
335,2019-04-26,1,1.1133,0.8634000000000001,77.9495,1.502,1.6739000000000002,124.45
336,2019-04-29,1,1.115,0.8634000000000001,77.8635,1.5028000000000001,1.673,124.64
337,2019-04-30,1,1.1218,0.86248,78.0615,1.5075,1.6804999999999999,124.93
338,2019-05-02,1,1.1212,0.8593000000000001,77.782,1.5064000000000002,1.6916,125.01
339,2019-05-03,1,1.1155,0.8578500000000001,77.259,1.5019,1.6856,124.4
340,2019-05-06,1,1.1199,0.8547,77.7325,1.5095,1.6936,124.13
341,2019-05-07,1,1.1185,0.85645,77.64,1.5065,1.6957,123.73
342,2019-05-08,1,1.1202,0.8609500000000001,78.0805,1.5074,1.6993,123.31
343,2019-05-09,1,1.1193,0.8612000000000001,78.3435,1.5093,1.7015,122.91
344,2019-05-10,1,1.123,0.8625,78.6075,1.5131999999999999,1.7025000000000001,123.25
345,2019-05-13,1,1.1245,0.8635,79.342,1.5117,1.7086999999999999,123.06
346,2019-05-14,1,1.1226,0.8672300000000001,79.0375,1.5117,1.7056,123.0
347,2019-05-15,1,1.1183,0.8682000000000001,78.6785,1.5075,1.7067,122.24
348,2019-05-16,1,1.1203,0.87463,78.469,1.5039,1.7063000000000001,122.81
349,2019-05-17,1,1.1172,0.8759500000000001,78.433,1.5074,1.7107,122.34
350,2019-05-20,1,1.1167,0.8762000000000001,77.786,1.5,1.7071,122.67
351,2019-05-21,1,1.1161,0.8761,77.783,1.4966,1.7142,123.27
352,2019-05-22,1,1.1171,0.8828,77.86,1.4952,1.7173,123.27
353,2019-05-23,1,1.1139000000000001,0.881,77.915,1.5,1.7155,122.56
354,2019-05-24,1,1.1187,0.8831800000000001,77.8,1.5053,1.7109,122.61
355,2019-05-27,1,1.1198,0.8822500000000001,77.8585,1.5061,1.7107,122.56
356,2019-05-28,1,1.1192,0.8837300000000001,77.9025,1.5070999999999999,1.7088,122.45
357,2019-05-29,1,1.1156,0.8822500000000001,77.8925,1.5065,1.7106,121.91
358,2019-05-30,1,1.1134,0.8817800000000001,77.8115,1.5029,1.7095,122.1
359,2019-05-31,1,1.1151,0.8869300000000001,77.741,1.5115,1.7134,121.27
360,2019-06-03,1,1.1185,0.8861800000000001,77.472,1.5098,1.704,121.17
361,2019-06-04,1,1.1244,0.8873800000000001,77.874,1.5110999999999999,1.7062,121.62
362,2019-06-05,1,1.1257,0.88631,78.0475,1.5070000000000001,1.6943000000000001,121.96
363,2019-06-06,1,1.1266,0.88558,78.018,1.5096,1.6983000000000001,121.82
364,2019-06-07,1,1.1273,0.88675,78.332,1.5061,1.7016,122.27
365,2019-06-10,1,1.1301,0.89248,78.6445,1.5004,1.7086000000000001,122.78
366,2019-06-11,1,1.1320000000000001,0.89085,78.6155,1.5002,1.7206000000000001,123.09
367,2019-06-12,1,1.1323,0.8880500000000001,78.491,1.5059,1.7206000000000001,122.72
368,2019-06-13,1,1.1289,0.88948,78.4745,1.5021,1.7201,122.44
369,2019-06-14,1,1.1265,0.8909300000000001,78.608,1.5018,1.7241,121.9
370,2019-06-17,1,1.1234,0.8920800000000001,78.577,1.5069,1.7259,122.06
371,2019-06-18,1,1.1187,0.8940300000000001,78.0005,1.5016,1.7192,121.08
372,2019-06-19,1,1.1207,0.8902,78.0755,1.499,1.7173,121.49
373,2019-06-20,1,1.1307,0.8915500000000001,78.5065,1.4886,1.7158,121.71
374,2019-06-21,1,1.1316,0.8942500000000001,78.6985,1.4928,1.7261000000000002,121.64
375,2019-06-24,1,1.1394,0.89365,79.0865,1.5030000000000001,1.7244000000000002,122.25
376,2019-06-25,1,1.1388,0.89485,78.9725,1.5001,1.714,121.97
377,2019-06-26,1,1.1362,0.8960300000000001,78.5705,1.4947,1.7004000000000001,122.4
378,2019-06-27,1,1.137,0.8942800000000001,78.5675,1.4928,1.6996,122.64
379,2019-06-28,1,1.138,0.8965500000000001,78.524,1.4893,1.6960000000000002,122.6
380,2019-07-01,1,1.1349,0.8971800000000001,78.236,1.4866000000000001,1.6941000000000002,122.93
381,2019-07-02,1,1.1301,0.8944300000000001,77.928,1.4819,1.6956,122.36
382,2019-07-03,1,1.1293,0.8975000000000001,77.747,1.4794,1.6883,121.61
383,2019-07-04,1,1.1288,0.8973000000000001,77.3335,1.4749,1.6888,121.65
384,2019-07-05,1,1.126,0.8970300000000001,77.1095,1.4712,1.6912,121.77
385,2019-07-08,1,1.1215,0.8962500000000001,76.8955,1.4642,1.6888,121.8
386,2019-07-09,1,1.1205,0.89975,76.781,1.4706000000000001,1.6937,121.93
387,2019-07-10,1,1.1219999999999999,0.8992800000000001,76.951,1.4713,1.6997,122.2
388,2019-07-11,1,1.1285,0.8979,77.1495,1.4735,1.6889,121.94
389,2019-07-12,1,1.1253,0.8978800000000001,77.242,1.4667,1.6871,121.83
390,2019-07-15,1,1.1269,0.89873,77.2205,1.4684,1.6751,121.62
391,2019-07-16,1,1.1223,0.9026000000000001,77.087,1.4643000000000002,1.6693,121.13
392,2019-07-17,1,1.1215,0.9034000000000001,77.2335,1.4654,1.6679,121.42
393,2019-07-18,1,1.1216,0.89853,77.2775,1.465,1.6640000000000001,120.89
394,2019-07-19,1,1.1226,0.8963500000000001,77.2545,1.4655,1.6582,120.93
395,2019-07-22,1,1.1215,0.89968,77.3085,1.4665,1.6543,121.03
396,2019-07-23,1,1.1173,0.8983000000000001,77.015,1.4691,1.6605,120.82
397,2019-07-24,1,1.114,0.8914300000000001,76.8285,1.4627,1.6613,120.41
398,2019-07-25,1,1.1115,0.88963,76.675,1.4591,1.6596000000000002,120.15
399,2019-07-26,1,1.1138,0.8963300000000001,76.74,1.468,1.6767,121.06
400,2019-07-29,1,1.1118999999999999,0.9044300000000001,76.474,1.4645000000000001,1.6796,120.81
401,2019-07-30,1,1.1154,0.9165300000000001,76.7575,1.4691,1.6855,121.0
402,2019-07-31,1,1.1151,0.9162300000000001,76.6965,1.4662,1.6883,121.04
403,2019-08-01,1,1.1037,0.9115000000000001,76.272,1.4602,1.6856,120.18
404,2019-08-02,1,1.1106,0.91505,77.34,1.4698,1.7026,118.57
405,2019-08-05,1,1.1182,0.9188000000000001,79.1529,1.4775,1.7138,118.61
406,2019-08-06,1,1.1187,0.9183,79.215,1.4785,1.7073,119.1
407,2019-08-07,1,1.1202,0.9235300000000001,79.402,1.492,1.7410999999999999,118.48
408,2019-08-08,1,1.1193,0.92115,79.175,1.4874,1.7335,118.64
409,2019-08-09,1,1.1198,0.9282,79.2935,1.4796,1.7254,118.51
410,2019-08-12,1,1.1194,0.92615,79.746,1.4807000000000001,1.7352,117.69
411,2019-08-13,1,1.1222,0.9283,80.1865,1.4889000000000001,1.7417,118.01
412,2019-08-14,1,1.1188,0.92673,79.7425,1.4872,1.74,118.48
413,2019-08-15,1,1.115,0.9186300000000001,79.5205,1.4841,1.7311,118.37
414,2019-08-16,1,1.1076,0.9103300000000001,78.804,1.473,1.7208,117.77
415,2019-08-19,1,1.1103,0.91583,79.28,1.4729,1.7296,118.34
416,2019-08-20,1,1.1076,0.9162300000000001,79.441,1.4762,1.7286000000000001,117.79
417,2019-08-21,1,1.1104,0.9154500000000001,79.4655,1.4761,1.7308,118.24
418,2019-08-22,1,1.1083,0.9115000000000001,79.589,1.4722,1.738,118.13
419,2019-08-23,1,1.1065,0.9045300000000001,79.304,1.4741,1.736,117.79
420,2019-08-26,1,1.1116,0.9080800000000001,80.063,1.4788000000000001,1.7431,117.67
421,2019-08-27,1,1.1104,0.9043500000000001,79.4225,1.4689,1.7415,117.43
422,2019-08-28,1,1.1083,0.9082300000000001,79.5905,1.4754,1.7458,117.18
423,2019-08-29,1,1.1072,0.9053100000000001,79.3415,1.4699,1.7457,117.68
424,2019-08-30,1,1.1036,0.9056500000000001,78.8365,1.4658,1.749,117.28
425,2019-09-02,1,1.0968,0.9082,78.892,1.4632,1.7396,116.66
426,2019-09-03,1,1.0937000000000001,0.90885,79.197,1.4627,1.7385000000000002,116.05
427,2019-09-04,1,1.1018,0.9025500000000001,79.389,1.4679,1.7343000000000002,117.03
428,2019-09-05,1,1.1058,0.8958,79.4125,1.4602,1.7305000000000001,117.97
429,2019-09-06,1,1.1027,0.8963500000000001,79.0805,1.4583,1.7208,118.01
430,2019-09-09,1,1.1033,0.89275,79.0815,1.4515,1.7129,118.01
431,2019-09-10,1,1.104,0.893,79.3815,1.4536,1.7194,118.52
432,2019-09-11,1,1.1003,0.8913300000000001,78.872,1.4468,1.7147000000000001,118.51
433,2019-09-12,1,1.0963,0.8892,77.998,1.4468,1.7032,118.14
434,2019-09-13,1,1.1096,0.8909300000000001,78.7415,1.4663,1.7354,119.83
435,2019-09-16,1,1.1031,0.8851,78.9825,1.4619,1.7324000000000002,118.96
436,2019-09-17,1,1.1026,0.8881300000000001,79.147,1.462,1.7426,119.23
437,2019-09-18,1,1.1053,0.8872,78.707,1.4645000000000001,1.7428,119.54
438,2019-09-19,1,1.1067,0.8873500000000001,78.9335,1.4686,1.7536,119.46
439,2019-09-20,1,1.103,0.8823000000000001,78.2925,1.4636,1.7579,119.11
440,2019-09-23,1,1.0985,0.88343,77.9405,1.4586000000000001,1.7514,118.07
441,2019-09-24,1,1.1003,0.88153,78.0635,1.4586000000000001,1.7428,118.45
442,2019-09-25,1,1.0982,0.88668,78.0215,1.458,1.7435,118.0
443,2019-09-26,1,1.0938,0.8850500000000001,77.56,1.4482,1.7315,117.73
444,2019-09-27,1,1.0935,0.8877800000000001,77.0685,1.4493,1.7388,118.21
445,2019-09-30,1,1.0889,0.88573,77.1615,1.4426,1.7375,117.59
446,2019-10-01,1,1.0898,0.8895500000000001,77.492,1.4466,1.7528000000000001,118.0
447,2019-10-02,1,1.0925,0.8897,77.8275,1.4467,1.7512,117.47
448,2019-10-03,1,1.0951,0.8879,77.7155,1.4606,1.7421,117.17
449,2019-10-04,1,1.0979,0.8904500000000001,77.8415,1.4612,1.7349999999999999,117.23
450,2019-10-07,1,1.0993,0.8915500000000001,78.0435,1.4633,1.7452,117.44
451,2019-10-08,1,1.0986,0.89795,78.144,1.4623,1.7373,117.43
452,2019-10-09,1,1.0981,0.8985000000000001,78.034,1.4607,1.7381000000000002,117.91
453,2019-10-10,1,1.103,0.9015500000000001,78.3555,1.4678,1.7422,118.52
454,2019-10-11,1,1.1043,0.8751800000000001,78.4875,1.4679,1.7419,119.75
455,2019-10-14,1,1.1031,0.8798300000000001,78.5245,1.4576,1.7529,119.4
456,2019-10-15,1,1.1007,0.87058,78.696,1.4562,1.7551,119.23
457,2019-10-16,1,1.1025,0.8656,78.768,1.4563000000000001,1.7653,119.9
458,2019-10-17,1,1.1113,0.8684000000000001,79.0785,1.4644,1.7564000000000002,120.81
459,2019-10-18,1,1.1144,0.8643500000000001,79.2735,1.4639,1.7488000000000001,120.97
460,2019-10-21,1,1.1173,0.8593000000000001,79.169,1.4643000000000002,1.7432,121.29
461,2019-10-22,1,1.113,0.86065,78.9245,1.4581,1.7358,120.87
462,2019-10-23,1,1.1123,0.8640800000000001,78.8245,1.4558,1.7361,120.63
463,2019-10-24,1,1.1128,0.8628800000000001,79.022,1.4545,1.74,120.86
464,2019-10-25,1,1.1107,0.8659800000000001,78.7515,1.4511,1.7456,120.59
465,2019-10-28,1,1.1087,0.86328,78.4355,1.4487,1.7482000000000002,120.69
466,2019-10-29,1,1.1095,0.86328,78.615,1.4485999999999999,1.7481,120.88
467,2019-10-30,1,1.1106,0.862,78.7705,1.4534,1.7504,120.99
468,2019-10-31,1,1.1154,0.86133,79.1125,1.4673,1.7359,120.73
469,2019-11-01,1,1.1139000000000001,0.8600800000000001,78.816,1.4682,1.7326000000000001,120.43
470,2019-11-04,1,1.1158,0.8636800000000001,78.9205,1.468,1.7358,120.93
471,2019-11-05,1,1.1109,0.8611300000000001,78.529,1.4584000000000001,1.7339,120.93
472,2019-11-06,1,1.109,0.86033,78.6855,1.4599,1.7385000000000002,120.88
473,2019-11-07,1,1.1077,0.8644200000000001,78.549,1.4585,1.7383000000000002,120.9
474,2019-11-08,1,1.1034,0.8615800000000001,78.652,1.4561,1.7426,120.72
475,2019-11-11,1,1.1041,0.85743,78.9905,1.4607,1.7348,120.29
476,2019-11-12,1,1.1015,0.8582000000000001,78.969,1.4588,1.7382,120.24
477,2019-11-13,1,1.1006,0.8576,79.319,1.4592,1.7227999999999999,119.79
478,2019-11-14,1,1.0997,0.85643,79.1,1.4588,1.7223000000000002,119.49
479,2019-11-15,1,1.1034,0.8566,79.163,1.4608,1.7255,119.95
480,2019-11-18,1,1.1061,0.8533000000000001,79.426,1.4622,1.7275,120.55
481,2019-11-19,1,1.1077,0.8557300000000001,79.3975,1.4633,1.7259,120.46
482,2019-11-20,1,1.1059,0.8571500000000001,79.423,1.4711,1.7222,119.96
483,2019-11-21,1,1.1091,0.85548,79.5675,1.4759,1.7239,120.46
484,2019-11-22,1,1.1058,0.8598,79.271,1.4679,1.7236,120.03
485,2019-11-25,1,1.1008,0.8551500000000001,78.937,1.4648,1.7187000000000001,119.88
486,2019-11-26,1,1.102,0.8571500000000001,78.8165,1.4663,1.7165,120.09
487,2019-11-27,1,1.1009,0.8545,78.5495,1.4605000000000001,1.7121,120.18
488,2019-11-28,1,1.1005,0.8518,78.8095,1.4625,1.7136,120.5
489,2019-11-29,1,1.0982,0.8522500000000001,78.6875,1.4614,1.709,120.43
490,2019-12-02,1,1.1023,0.85218,78.9785,1.4656,1.7019000000000002,120.75
491,2019-12-03,1,1.1071,0.852,79.43,1.4747,1.7000000000000002,120.39
492,2019-12-04,1,1.1081,0.8461000000000001,79.2615,1.4707,1.698,120.45
493,2019-12-05,1,1.1094,0.8447,79.0195,1.461,1.6997,120.69
494,2019-12-06,1,1.1094,0.8445300000000001,79.0435,1.4618,1.6886,120.44
495,2019-12-09,1,1.1075,0.8419500000000001,78.707,1.4675,1.689,120.15
496,2019-12-10,1,1.1077,0.8407300000000001,78.561,1.4666000000000001,1.6945000000000001,120.27
497,2019-12-11,1,1.1075,0.84245,78.4115,1.4661,1.6924000000000001,120.44
498,2019-12-12,1,1.1137,0.8456,78.9355,1.4676,1.6905999999999999,120.95
499,2019-12-13,1,1.1174,0.83508,79.061,1.4712,1.6873,122.43
500,2019-12-16,1,1.1146,0.8341500000000001,79.1063,1.4621,1.6859000000000002,121.97
501,2019-12-17,1,1.1162,0.8474800000000001,79.2035,1.469,1.6974,122.31
502,2019-12-18,1,1.1115,0.85055,78.895,1.4624000000000001,1.6920000000000002,121.81
503,2019-12-19,1,1.1117,0.8507300000000001,79.032,1.4588,1.6898,121.73
504,2019-12-20,1,1.1097,0.85133,79.0035,1.4579,1.6811,121.31
505,2019-12-23,1,1.1075,0.8570800000000001,78.9455,1.4577,1.6732,121.18
506,2019-12-24,1,1.108,0.85533,78.9525,1.4582,1.6716000000000002,121.19
507,2019-12-27,1,1.1153,0.8513000000000001,79.637,1.4592,1.6655,122.23
508,2019-12-30,1,1.1189,0.8520800000000001,79.812,1.4621,1.6638000000000002,122.19
509,2019-12-31,1,1.1234,0.8508,80.187,1.4598,1.6653,121.94
510,2020-01-02,1,1.1193,0.84828,79.9065,1.4549,1.6718000000000002,121.75
511,2020-01-03,1,1.1147,0.8511500000000001,80.0085,1.4471,1.6718000000000002,120.54
512,2020-01-06,1,1.1194,0.8521500000000001,80.5175,1.4525000000000001,1.6788,121.02
513,2020-01-07,1,1.1172,0.8518300000000001,80.265,1.452,1.6833,121.15
514,2020-01-08,1,1.1115,0.8486800000000001,79.709,1.447,1.6739000000000002,120.86
515,2020-01-09,1,1.111,0.8528500000000001,79.162,1.4505,1.6796,121.54
516,2020-01-10,1,1.1091,0.8481000000000001,78.6915,1.4498,1.6769,121.6
517,2020-01-13,1,1.1126,0.8576,78.8225,1.4514,1.6769,122.25
518,2020-01-14,1,1.1115,0.85618,78.7285,1.4528,1.6803,122.32
519,2020-01-15,1,1.1142,0.8568300000000001,78.8825,1.4565000000000001,1.6905000000000001,122.43
520,2020-01-16,1,1.1169,0.8547,79.221,1.4559,1.6769,122.8
521,2020-01-17,1,1.1108,0.8510500000000001,78.9567,1.4498,1.6782,122.31
522,2020-01-20,1,1.1085,0.8527500000000001,78.784,1.4487,1.6796,122.14
523,2020-01-21,1,1.1115,0.8503000000000001,79.1345,1.4512,1.6811,122.31
524,2020-01-22,1,1.1088,0.84445,78.8665,1.4465,1.6782,121.93
525,2020-01-23,1,1.1091,0.8449800000000001,79.0965,1.4599,1.6797,121.5
526,2020-01-24,1,1.1035,0.84313,78.67,1.4491,1.6684,120.96
527,2020-01-27,1,1.1025,0.8435800000000001,78.7425,1.4539,1.6814,120.11
528,2020-01-28,1,1.1005,0.8460300000000001,78.4545,1.4516,1.6844000000000001,120.02
529,2020-01-29,1,1.1001,0.8458,78.417,1.4496,1.6868,120.06
530,2020-01-30,1,1.1029,0.8418300000000001,79.011,1.4577,1.6973,120.03
531,2020-01-31,1,1.1052,0.8417500000000001,78.9055,1.4627,1.7083,120.35
532,2020-02-03,1,1.1066,0.8477500000000001,79.0035,1.4647000000000001,1.7106,120.1
533,2020-02-04,1,1.1048,0.8488,78.712,1.4671,1.7102,120.52
534,2020-02-05,1,1.1023,0.8444400000000001,78.433,1.4644,1.7006000000000001,120.94
535,2020-02-06,1,1.1003,0.84835,78.2845,1.461,1.6994,120.87
536,2020-02-07,1,1.0969,0.8472000000000001,78.3625,1.4604,1.7094,120.51
537,2020-02-10,1,1.0951,0.84628,78.107,1.458,1.7107999999999999,120.18
538,2020-02-11,1,1.0901,0.84325,77.6945,1.4495,1.7055,119.73
539,2020-02-12,1,1.0914,0.8405800000000001,77.8345,1.4468,1.6832,120.03
540,2020-02-13,1,1.0867,0.8337500000000001,77.4495,1.4406,1.6835,119.21
541,2020-02-14,1,1.0842,0.83208,77.466,1.4363000000000001,1.6864,119.11
542,2020-02-17,1,1.0835,0.8323800000000001,77.342,1.4334,1.6864,119.05
543,2020-02-18,1,1.0816,0.8298500000000001,77.39,1.4344999999999999,1.6921,118.7
544,2020-02-19,1,1.08,0.8314800000000001,77.2345,1.4281000000000001,1.6883,119.35
545,2020-02-20,1,1.079,0.8384,77.2745,1.4304000000000001,1.7046000000000001,120.86
546,2020-02-21,1,1.0801,0.8351000000000001,77.754,1.432,1.7104,120.96
547,2020-02-24,1,1.0818,0.83833,77.8265,1.4372,1.7095,120.52
548,2020-02-25,1,1.084,0.8363,77.724,1.4403000000000001,1.716,119.92
549,2020-02-26,1,1.0875,0.8415,77.9195,1.4469,1.7273,120.13
550,2020-02-27,1,1.0964,0.8499500000000001,78.538,1.4636,1.7326000000000001,120.46
551,2020-02-28,1,1.0977000000000001,0.8531500000000001,79.285,1.4757,1.7608000000000001,119.36
552,2020-03-02,1,1.1122,0.8711300000000001,80.917,1.4857,1.7738,119.82
553,2020-03-03,1,1.1117,0.8701000000000001,81.429,1.4857,1.7728000000000002,119.77
554,2020-03-04,1,1.1125,0.8685,81.5025,1.4862,1.7667000000000002,119.58
555,2020-03-05,1,1.1187,0.8667,82.153,1.5021,1.7744,119.63
556,2020-03-06,1,1.1336,0.87165,83.586,1.5213,1.7858,119.08
557,2020-03-09,1,1.1456,0.8738300000000001,84.96,1.5613000000000001,1.8021,117.12
558,2020-03-10,1,1.139,0.8738500000000001,84.11,1.5579,1.8006000000000002,118.65
559,2020-03-11,1,1.1336,0.8769,83.5215,1.5579,1.7951000000000001,118.55
560,2020-03-12,1,1.124,0.8862300000000001,83.468,1.5524,1.8173,116.84
561,2020-03-13,1,1.1104,0.8907,81.8765,1.5389,1.812,119.11
562,2020-03-16,1,1.1157,0.9091800000000001,82.8075,1.5539,1.8498999999999999,117.76
563,2020-03-17,1,1.0982,0.9082300000000001,81.567,1.5512000000000001,1.842,117.5
564,2020-03-18,1,1.0934,0.9219,81.1355,1.5749,1.8727,117.78
565,2020-03-19,1,1.0801,0.9298500000000001,81.14,1.5623,1.8903,118.63
566,2020-03-20,1,1.0707,0.9102800000000001,80.465,1.5257,1.8521,118.37
567,2020-03-23,1,1.0783,0.9297000000000001,82.1255,1.5510000000000002,1.8939,119.11
568,2020-03-24,1,1.0843,0.921,82.358,1.5716,1.8676,119.99
569,2020-03-25,1,1.0827,0.9150300000000001,82.699,1.5539,1.8479,120.67
570,2020-03-26,1,1.0981,0.9134800000000001,82.5345,1.5466,1.853,120.18
571,2020-03-27,1,1.0977000000000001,0.8974300000000001,82.8695,1.5521,1.8548,119.36
572,2020-03-30,1,1.1034,0.889,83.5,1.5626,1.8405,119.34
573,2020-03-31,1,1.0956,0.88643,82.8985,1.5617,1.8417,118.9
574,2020-04-01,1,1.0936,0.8846,83.6004,1.5601,1.8547,117.55
575,2020-04-02,1,1.0906,0.87738,83.326,1.5451000000000001,1.838,117.06
576,2020-04-03,1,1.0785,0.8785000000000001,82.216,1.5299,1.8423,117.1
577,2020-04-06,1,1.0791,0.878,82.106,1.528,1.82,117.54
578,2020-04-07,1,1.0885,0.8809300000000001,82.252,1.5259,1.816,118.55
579,2020-04-08,1,1.0871,0.87948,82.873,1.5232999999999999,1.8194,118.36
580,2020-04-09,1,1.0867,0.87565,82.9275,1.5265,1.8128000000000002,118.33
581,2020-04-14,1,1.0963,0.87253,83.494,1.5257,1.8008000000000002,117.66
582,2020-04-15,1,1.0903,0.8738500000000001,83.414,1.533,1.8223,117.12
583,2020-04-16,1,1.0888,0.87163,83.705,1.5359,1.8210000000000002,117.12
584,2020-04-17,1,1.086,0.8697800000000001,83.0565,1.528,1.8043,116.86
585,2020-04-20,1,1.086,0.87343,83.1435,1.5325,1.7962,117.11
586,2020-04-21,1,1.0837,0.8812000000000001,83.376,1.5393,1.8181,116.39
587,2020-04-22,1,1.0867,0.8792000000000001,83.1685,1.5375,1.82,117.01
588,2020-04-23,1,1.0772,0.872,81.94,1.5226000000000002,1.7947000000000002,115.75
589,2020-04-24,1,1.08,0.8749800000000001,82.366,1.5173,1.7991000000000001,116.22
590,2020-04-27,1,1.0852,0.87263,82.6195,1.5255,1.7893,116.22
591,2020-04-28,1,1.0877,0.8707800000000001,82.522,1.5179,1.7956,116.06
592,2020-04-29,1,1.0842,0.8737800000000001,82.0215,1.5129000000000001,1.7831000000000001,115.52
593,2020-04-30,1,1.0876,0.8690500000000001,81.6108,1.5077,1.7705000000000002,115.87
594,2020-05-04,1,1.0942,0.8789800000000001,82.787,1.5390000000000001,1.8083,116.84
595,2020-05-05,1,1.0843,0.8706,82.1435,1.5201,1.791,115.71
596,2020-05-06,1,1.0807,0.87253,81.9815,1.5225,1.7839,114.65
597,2020-05-07,1,1.0783,0.8747800000000001,81.7685,1.5177,1.782,114.91
598,2020-05-08,1,1.0843,0.8753500000000001,81.9615,1.5118,1.7668,115.34
599,2020-05-11,1,1.0824,0.87875,82.096,1.5136,1.7808000000000002,116.16
600,2020-05-12,1,1.0858,0.8777300000000001,81.593,1.5178,1.7742,116.56
601,2020-05-13,1,1.0875,0.8824500000000001,81.8825,1.5243,1.7983,116.28
602,2020-05-14,1,1.0792,0.8849500000000001,81.592,1.5224,1.8068,115.48
603,2020-05-15,1,1.0798,0.8873800000000001,81.9885,1.5231,1.8145,115.53
604,2020-05-18,1,1.0832,0.89153,82.1435,1.5202,1.8096,116.31
605,2020-05-19,1,1.095,0.8953500000000001,82.8535,1.5251000000000001,1.8004,118.0
606,2020-05-20,1,1.0958,0.89358,82.8635,1.5211000000000001,1.7859,117.95
607,2020-05-21,1,1.1,0.8994300000000001,83.0545,1.5310000000000001,1.7949000000000002,118.42
608,2020-05-22,1,1.0904,0.89563,82.7265,1.5272999999999999,1.787,117.26
609,2020-05-25,1,1.091,0.8951500000000001,82.7925,1.5261,1.7890000000000001,117.47
610,2020-05-26,1,1.0975,0.8887800000000001,82.927,1.5184,1.7717,117.92
611,2020-05-27,1,1.0991,0.89595,83.245,1.5126,1.7719,118.58
612,2020-05-28,1,1.1016,0.8972800000000001,83.4635,1.5155,1.7776,118.68
613,2020-05-29,1,1.1136,0.9008800000000001,84.1025,1.528,1.7863,119.29
614,2020-06-01,1,1.1116,0.89673,83.938,1.5228000000000002,1.7824,119.75
615,2020-06-02,1,1.1174,0.8908300000000001,84.039,1.5106000000000002,1.768,120.83
616,2020-06-03,1,1.1194,0.89065,84.5055,1.5173,1.7532,121.54
617,2020-06-04,1,1.125,0.89685,84.932,1.5203,1.751,122.48
618,2020-06-05,1,1.133,0.89448,85.63,1.5237,1.7392,123.77
619,2020-06-08,1,1.1285,0.89173,85.241,1.5126,1.7291,123.41
620,2020-06-09,1,1.1294,0.8912,85.3085,1.5187,1.7375,122.14
621,2020-06-10,1,1.1375,0.88963,85.903,1.5228000000000002,1.7357,122.16
622,2020-06-11,1,1.1348,0.8966500000000001,86.057,1.5321,1.7530000000000001,121.52
623,2020-06-12,1,1.1304,0.89653,85.7875,1.5347,1.7553,121.26
624,2020-06-15,1,1.1253,0.89648,85.5275,1.5342,1.7471,120.83
625,2020-06-16,1,1.1308,0.8937,86.048,1.532,1.7474,121.39
626,2020-06-17,1,1.1232,0.89448,85.5505,1.5204,1.7395,120.65
627,2020-06-18,1,1.1222,0.9002800000000001,85.673,1.5218,1.742,120.0
628,2020-06-19,1,1.121,0.90505,85.352,1.5209000000000001,1.7403,119.77
629,2020-06-22,1,1.1213,0.9032800000000001,85.2585,1.521,1.7349999999999999,119.89
630,2020-06-23,1,1.1318,0.9063,85.438,1.5269,1.7391,121.05
631,2020-06-24,1,1.1280000000000001,0.9034300000000001,85.3285,1.5331000000000001,1.7551999999999999,120.3
632,2020-06-25,1,1.12,0.9013300000000001,84.712,1.5282,1.7465000000000002,120.25
633,2020-06-26,1,1.1213,0.90575,84.8215,1.5318,1.7428,119.93
634,2020-06-29,1,1.1284,0.9154,85.192,1.5409000000000002,1.7533,121.07
635,2020-06-30,1,1.1198,0.9124300000000001,84.6235,1.5324,1.748,120.66
636,2020-07-01,1,1.12,0.9043,84.622,1.5217,1.7362000000000002,120.31
637,2020-07-02,1,1.1286,0.9022500000000001,84.354,1.5343,1.7297,121.24
638,2020-07-03,1,1.1224,0.9012,83.821,1.5232999999999999,1.7204000000000002,120.68
639,2020-07-06,1,1.1325,0.90505,84.4535,1.5333,1.7293,121.78
640,2020-07-07,1,1.129,0.9015000000000001,84.4645,1.5317,1.726,121.61
641,2020-07-08,1,1.1286,0.8992300000000001,84.6455,1.5338,1.7237,121.39
642,2020-07-09,1,1.1342,0.8965500000000001,85.0455,1.5314,1.7223000000000002,121.67
643,2020-07-10,1,1.1276,0.8957,84.841,1.5336,1.7189,120.48
644,2020-07-13,1,1.1329,0.8993800000000001,85.216,1.5366,1.7226,121.4
645,2020-07-14,1,1.1375,0.90778,85.7725,1.5488,1.7417,122.17
646,2020-07-15,1,1.1444,0.9054000000000001,85.971,1.5527000000000002,1.7397,122.25
647,2020-07-16,1,1.1414,0.9087500000000001,85.8555,1.5452,1.7439,122.24
648,2020-07-17,1,1.1428,0.91078,85.67,1.5510000000000002,1.7463000000000002,122.53
649,2020-07-20,1,1.1448,0.90575,85.6355,1.5532,1.7435,122.63
650,2020-07-21,1,1.1443,0.9005500000000001,85.3805,1.5399,1.7305000000000001,122.7
651,2020-07-22,1,1.1578,0.9112300000000001,86.288,1.554,1.7328000000000001,123.94
652,2020-07-23,1,1.1569,0.91195,86.577,1.5486,1.7384,123.98
653,2020-07-24,1,1.1608,0.90985,86.866,1.5578,1.7506,123.36
654,2020-07-27,1,1.176,0.9134,87.885,1.5729000000000002,1.7605,123.88
655,2020-07-28,1,1.1717,0.90968,87.714,1.5693000000000001,1.763,123.34
656,2020-07-29,1,1.1725,0.90385,87.694,1.5665,1.764,123.28
657,2020-07-30,1,1.1743000000000001,0.90268,87.94,1.5771000000000002,1.7727,123.58
658,2020-07-31,1,1.1848,0.90053,88.6355,1.5897999999999999,1.7771,124.31
659,2020-08-03,1,1.1726,0.9001300000000001,88.1805,1.5755,1.7701,124.51
660,2020-08-04,1,1.1765,0.9033500000000001,88.3805,1.5773000000000001,1.7807,124.78
661,2020-08-05,1,1.1854,0.9026500000000001,88.709,1.5703,1.7809,125.37
662,2020-08-06,1,1.1843,0.9003300000000001,88.765,1.5748,1.7828,124.96
663,2020-08-07,1,1.1817,0.90373,88.633,1.577,1.7786,124.91
664,2020-08-10,1,1.1763,0.9015500000000001,88.1125,1.5739,1.784,124.74
665,2020-08-11,1,1.1783000000000001,0.8984300000000001,87.862,1.5655999999999999,1.7833,124.97
666,2020-08-12,1,1.1771,0.90475,88.051,1.5644,1.7997,125.92
667,2020-08-13,1,1.1833,0.90373,88.564,1.5636999999999999,1.8042,126.58
668,2020-08-14,1,1.1813,0.90173,88.468,1.5649000000000002,1.8071000000000002,126.01
669,2020-08-17,1,1.1853,0.9062500000000001,88.6895,1.5684,1.8179,125.99
670,2020-08-18,1,1.1906,0.90375,88.879,1.5672000000000001,1.8119,125.54
671,2020-08-19,1,1.1933,0.9034500000000001,89.316,1.5688,1.7969,125.74
672,2020-08-20,1,1.185,0.90173,88.992,1.5654,1.8158,125.46
673,2020-08-21,1,1.1769,0.8975500000000001,88.198,1.5563,1.8045,124.53
674,2020-08-24,1,1.1847,0.90175,87.772,1.5574,1.8059,125.26
675,2020-08-25,1,1.1814,0.8994500000000001,87.7165,1.5596999999999999,1.8082,125.67
676,2020-08-26,1,1.1789,0.8969,87.613,1.5543,1.7971,125.34
677,2020-08-27,1,1.1806,0.8950500000000001,87.2655,1.5521,1.7799,125.34
678,2020-08-28,1,1.1915,0.89468,87.2125,1.5553,1.7723,125.39
679,2020-08-31,1,1.194,0.8960500000000001,87.4685,1.5601,1.7728000000000002,126.47
680,2020-09-01,1,1.1987,0.88975,87.4085,1.56,1.7727,126.92
681,2020-09-02,1,1.1861,0.8884000000000001,86.8225,1.5495,1.7541,126.0
682,2020-09-03,1,1.1813,0.8913500000000001,86.8615,1.5491000000000001,1.7579,125.85
683,2020-09-04,1,1.1842,0.8932500000000001,86.678,1.5508000000000002,1.764,125.79
684,2020-09-07,1,1.1824,0.8983500000000001,86.8485,1.5484,1.7642,125.59
685,2020-09-08,1,1.1785,0.9045300000000001,87.106,1.5523,1.7722,125.2
686,2020-09-09,1,1.1773,0.9121300000000001,86.6065,1.5563,1.7714,125.05
687,2020-09-10,1,1.1849,0.9159,87.034,1.5586,1.7737,125.76
688,2020-09-11,1,1.1854,0.9240800000000001,87.2431,1.5622,1.7738,125.82
689,2020-09-14,1,1.1876,0.9219,87.3415,1.5641,1.7739,125.82
690,2020-09-15,1,1.1892,0.92095,87.5205,1.5634000000000001,1.7675,125.39
691,2020-09-16,1,1.1869,0.9142300000000001,87.2665,1.5628000000000002,1.7586,124.72
692,2020-09-17,1,1.1797,0.9153,86.861,1.5567,1.7533,123.38
693,2020-09-18,1,1.1833,0.9131800000000001,87.014,1.5601,1.7489,123.49
694,2020-09-21,1,1.1787,0.9160800000000001,86.695,1.5604,1.759,122.7
695,2020-09-22,1,1.174,0.9174300000000001,86.262,1.5631,1.763,122.78
696,2020-09-23,1,1.1692,0.9188500000000001,85.9845,1.5594000000000001,1.7756,122.91
697,2020-09-24,1,1.1645,0.9122800000000001,86.1145,1.56,1.7847,122.73
698,2020-09-25,1,1.1634,0.9134300000000001,85.7175,1.556,1.7756,122.74
699,2020-09-28,1,1.167,0.9050800000000001,86.0255,1.562,1.7791000000000001,123.02
700,2020-09-29,1,1.1702,0.90963,86.275,1.5655000000000001,1.7749000000000001,123.61
701,2020-09-30,1,1.1708,0.9123500000000001,86.299,1.5676,1.7799,123.76
